use StudentsDB;
-- Заполнение таблицы PersonalInfo.
INSERT INTO PersonalInfo (StudentID, FirstName, LastName, DateOfBirth, ModifiedDate)
VALUES 
(1, 'Иван', 'Иванов', '2000-01-01', '2024-04-01' ),
(2, 'Петр', 'Петров', '2000-02-02', '2024-04-01'),
(3, 'Сергей', 'Сергеев', '2000-03-03', '2024-04-01'),
(4, 'Андрей', 'Андреев', '2000-04-04', '2024-04-01'),
(5, 'Алексей', 'Алексеев', '2000-05-05', '2024-04-01'),
(6, 'Дмитрий', 'Дмитриев', '2000-06-06', '2024-04-01'),
(7, 'Михаил', 'Михайлов', '2000-07-07', '2024-04-01'),
(8, 'Александр', 'Александров', '2000-08-08', '2024-04-01'),
(9, 'Василий', 'Васильев', '2000-09-09', '2024-04-01'),
(10, 'Николай', 'Николаев', '2000-10-10', '2024-04-01');

-- Заполнение таблицы ContactInfo
INSERT INTO ContactInfo (InfoID, StudentID, Email, PhoneNumber, "Address")
VALUES 
(1, 1, 'ivanov@example.com', '+79000000001', 'бульвар Гагарина, 29'),
(2, 2, 'petrov@example.com', '+79000000002', 'пр. Ладыгина, 58'),
(3, 3, 'sergeev@example.com', '+79000000003', 'бульвар 1905 года, 03'),
(4, 4, 'andreev@example.com', '+79000000004', 'пл. Чехова, 63'),
(5, 5, 'alekseev@example.com', '+79000000005', 'ул. Космонавтов, 46'),
(6, 6, 'dmitriev@example.com', '+79000000006', 'пер. Бухарестская, 41'),
(7, 7, 'mikhailov@example.com', '+79000000007', 'спуск Космонавтов, 64'),
(8, 8, 'alexandrov@example.com', '+79000000008', 'пер. Балканская, 99'),
(9, 9, 'vasiliev@example.com', '+79000000009', 'ул. Ленина, 63'),
(10, 10, 'nikolaev@example.com', '+79000000010', 'ул. Гоголя, 44');

-- Заполнение таблицы Course
INSERT INTO Course (CourseID, CourseName, CourseDescription)
VALUES 
(1, 'Курс 1', 'Описание курса 1'),
(2, 'Курс 2', 'Описание курса 2'),
(3, 'Курс 3', 'Описание курса 3'),
(4, 'Курс 4', 'Описание курса 4'),
(5, 'Курс 5', 'Описание курса 5'),
(6, 'Курс 6', 'Описание курса 6'),
(7, 'Курс 7', 'Описание курса 7'),
(8, 'Курс 8', 'Описание курса 8'),
(9, 'Курс 9', 'Описание курса 9'),
(10, 'Курс 10', 'Описание курса 10');

-- Заполнение таблицы Enrollment
INSERT INTO Enrollment (EnrollmentID, StudentID, CourseID, EnrollmentDate)
VALUES 
(1, 1, 1, '2023-09-01'),
(2, 1, 2, '2023-09-01'),
(3, 2, 3, '2023-09-01'),
(4, 3, 4, '2023-09-03'),
(5, 4, 5, '2023-09-04'),
(6, 4, 6, '2023-09-05'),
(7, 4, 7, '2023-09-06'),
(8, 5, 8, '2023-09-07'),
(9, 5, 9, '2023-09-08'),
(10, 6, 1, '2023-09-08'),
(11, 7, 2, '2023-09-10'),
(12, 8, 3, '2023-09-10'),
(13, 9, 4, '2023-09-10');


INSERT INTO Attendance (AttendanceID, StudentID, CourseID, AttendanceDate, "Status")
VALUES
(1, 1, 1, '2023-09-10', 'Присутствовал'),
(2, 1, 2, '2023-09-10', 'Отсутствовал'),
(3, 2, 3, '2023-09-11', 'Присутствовал'),
(4, 3, 4, '2023-09-12', 'Присутствовал'),
(5, 4, 5, '2023-09-13', 'Присутсвовал'),
(6, 4, 6, '2023-09-13', 'Отсутствовал'),
(7, 5, 8, '2023-09-16', 'Присутствовал'),
(8, 6, 1, '2023-09-10', 'Присутствовал'),
(9, 7, 2, '2023-09-10', 'Присутствовал'),
(10, 8, 3, '2023-09-11', 'Присутствовал'),
(11, 9, 4, '2023-09-12', 'Присутствовал'),
(12, 1, 1, '2023-09-20', 'Присутствовал'),
(13, 1, 2, '2023-09-20', 'Отсутствовал'),
(14, 2, 3, '2023-09-21', 'Присутствовал'),
(15, 3, 4, '2023-09-22', 'Присутствовал'),
(16, 4, 5, '2023-09-23', 'Присутсвовал'),
(17, 4, 6, '2023-09-24', 'Отсутствовал'),
(18, 5, 8, '2023-09-26', 'Присутствовал'),
(19, 6, 1, '2023-09-20', 'Присутствовал'),
(20, 7, 2, '2023-09-20', 'Присутствовал'),
(21, 8, 3, '2023-09-21', 'Присутствовал'),
(22, 9, 4, '2023-09-22', 'Присутствовал');


INSERT INTO Assignment (AssignmentID, AssignmentName, DueDate)
VALUES
(1, 'Задание по курсу 1', '2023-09-15'),
(2, 'Задание по курсу 2', '2023-09-20'),
(3, 'Задание по курсу 3', '2023-09-21'),
(4, 'Задание по курсу 5', '2023-09-22');

INSERT INTO AssignmentSubmission (AssignmentSubmissionID, StudentID, AssignmentID, SubmissionDate, Grade)
VALUES
(1, 1, 1, '2023-09-13', 4),
(2, 1, 2, '2023-09-14', 4),
(3, 2, 3, '2023-09-19', 5),
(4, 4, 4, '2023-09-17', 3),
(5, 6, 1, '2023-09-14', 5),
(6, 7, 2, '2023-09-17', 5),
(7, 8, 3, '2023-09-19', 2);

INSERT INTO Exam (ExamID, CourseID, ExamName, ExamDate)
VALUES
(1, 1, 'Экзамен по курсу 1', '2023-10-10'),
(2, 2, 'Экзамен по курсу 2', '2023-10-11'),
(3, 3, 'Экзамен по курсу 3', '2023-10-10'),
(4, 4, 'Экзамен по курсу 4', '2023-10-12'),
(5, 5, 'Экзамен по курсу 5', '2023-10-10'),
(6, 6, 'Экзамен по курсу 6', '2023-10-14'),
(7, 7, 'Экзамен по курсу 7', '2023-10-10'),
(8, 8, 'Экзамен по курсу 8', '2023-10-16'),
(9, 9, 'Экзамен по курсу 9', '2023-10-10'),
(10, 10, 'Экзамен по курсу 10', '2023-10-18');

INSERT INTO ExamResult (ExamResultID, StudentID, ExamID, Result)
VALUES
(1, 1, 1, 4),
(2, 1, 2, 5),
(3, 2, 3, 2),
(4, 3, 4, 3),
(5, 4, 5, 4),
(6, 4, 6, 4),
(7, 5, 8, 5),
(8, 6, 1, 4),
(9, 7, 2, 3),
(10, 8, 3, 5),
(11, 9, 4, 4);

INSERT INTO Payment (PaymentID, StudentID, Amount, PaymentDate)
VALUES
(1, 1, 1000, '2023-09-01'),
(2, 2, 1500, '2023-09-02'),
(3, 3, 2500, '2023-09-01'),
(4, 4, 1000, '2023-09-05'),
(5, 5, 2000, '2023-09-01'),
(6, 6, 5000, '2023-09-06'),
(7, 7, 1250, '2023-09-01'),
(8, 8, 3250, '2023-09-03'),
(9, 9, 1100, '2023-09-04');

INSERT INTO Accounts(ID_user, user_login, user_password)
values
(1, 'admin', 'admin')
